Workbook
Name Slicer_Age_Group: #N/A
Name Slicer_Department: #N/A
Name Slicer_JobRole: #N/A

Sheet raw_data
A1: Age | B1: Attrition | C1: BusinessTravel | D1: DailyRate | E1: Department | F1: DistanceFromHome | G1: Education | H1: EducationField | I1: EmployeeCount | J1: EmployeeNumber | K1: EnvironmentSatisfaction | L1: Gender | M1: HourlyRate | N1: JobInvolvement | O1: JobLevel | P1: JobRole | Q1: JobSatisfaction | R1: MaritalStatus | S1: MonthlyIncome | T1: MonthlyRate | U1: NumCompaniesWorked | V1: Over18 | W1: OverTime | X1: PercentSalaryHike | Y1: PerformanceRating | Z1: RelationshipSatisfaction | AA1: StandardHours | AB1: StockOptionLevel | AC1: TotalWorkingYears | AD1: TrainingTimesLastYear | AE1: WorkLifeBalance | AF1: YearsAtCompany | AG1: YearsInCurrentRole | AH1: YearsSinceLastPromotion | AI1: YearsWithCurrManager
A2: 41 | B2: Yes | C2: Travel_Rarely | D2: 1102 | E2: Sales | F2: 1 | G2: 2 | H2: Life Sciences | I2: 1 | J2: 1 | K2: 2 | L2: Female | M2: 94 | N2: 3 | O2: 2 | P2: Sales Executive | Q2: 4 | R2: Single | S2: 5993 | T2: 19479 | U2: 8 | V2: Y | W2: Yes | X2: 11 | Y2: 3 | Z2: 1 | AA2: 80 | AB2: 0 | AC2: 8 | AD2: 0 | AE2: 1 | AF2: 6 | AG2: 4 | AH2: 0 | AI2: 5
A3: 49 | B3: No | C3: Travel_Frequently | D3: 279 | E3: Research & Development | F3: 8 | G3: 1 | H3: Life Sciences | I3: 1 | J3: 2 | K3: 3 | L3: Male | M3: 61 | N3: 2 | O3: 2 | P3: Research Scientist | Q3: 2 | R3: Married | S3: 5130 | T3: 24907 | U3: 1 | V3: Y | W3: No | X3: 23 | Y3: 4 | Z3: 4 | AA3: 80 | AB3: 1 | AC3: 10 | AD3: 3 | AE3: 3 | AF3: 10 | AG3: 7 | AH3: 1 | AI3: 7
A4: 37 | B4: Yes | C4: Travel_Rarely | D4: 1373 | E4: Research & Development | F4: 2 | G4: 2 | H4: Other | I4: 1 | J4: 4 | K4: 4 | L4: Male | M4: 92 | N4: 2 | O4: 1 | P4: Laboratory Technician | Q4: 3 | R4: Single | S4: 2090 | T4: 2396 | U4: 6 | V4: Y | W4: Yes | X4: 15 | Y4: 3 | Z4: 2 | AA4: 80 | AB4: 0 | AC4: 7 | AD4: 3 | AE4: 3 | AF4: 0 | AG4: 0 | AH4: 0 | AI4: 0
A5: 33 | B5: No | C5: Travel_Frequently | D5: 1392 | E5: Research & Development | F5: 3 | G5: 4 | H5: Life Sciences | I5: 1 | J5: 5 | K5: 4 | L5: Female | M5: 56 | N5: 3 | O5: 1 | P5: Research Scientist | Q5: 3 | R5: Married | S5: 2909 | T5: 23159 | U5: 1 | V5: Y | W5: Yes | X5: 11 | Y5: 3 | Z5: 3 | AA5: 80 | AB5: 0 | AC5: 8 | AD5: 3 | AE5: 3 | AF5: 8 | AG5: 7 | AH5: 3 | AI5: 0
A6: 27 | B6: No | C6: Travel_Rarely | D6: 591 | E6: Research & Development | F6: 2 | G6: 1 | H6: Medical | I6: 1 | J6: 7 | K6: 1 | L6: Male | M6: 40 | N6: 3 | O6: 1 | P6: Laboratory Technician | Q6: 2 | R6: Married | S6: 3468 | T6: 16632 | U6: 9 | V6: Y | W6: No | X6: 12 | Y6: 3 | Z6: 4 | AA6: 80 | AB6: 1 | AC6: 6 | AD6: 3 | AE6: 3 | AF6: 2 | AG6: 2 | AH6: 2 | AI6: 2
A7: 32 | B7: No | C7: Travel_Frequently | D7: 1005 | E7: Research & Development | F7: 2 | G7: 2 | H7: Life Sciences | I7: 1 | J7: 8 | K7: 4 | L7: Male | M7: 79 | N7: 3 | O7: 1 | P7: Laboratory Technician | Q7: 4 | R7: Single | S7: 3068 | T7: 11864 | U7: 0 | V7: Y | W7: No | X7: 13 | Y7: 3 | Z7: 3 | AA7: 80 | AB7: 0 | AC7: 8 | AD7: 2 | AE7: 2 | AF7: 7 | AG7: 7 | AH7: 3 | AI7: 6
A8: 59 | B8: No | C8: Travel_Rarely | D8: 1324 | E8: Research & Development | F8: 3 | G8: 3 | H8: Medical | I8: 1 | J8: 10 | K8: 3 | L8: Female | M8: 81 | N8: 4 | O8: 1 | P8: Laboratory Technician | Q8: 1 | R8: Married | S8: 2670 | T8: 9964 | U8: 4 | V8: Y | W8: Yes | X8: 20 | Y8: 4 | Z8: 1 | AA8: 80 | AB8: 3 | AC8: 12 | AD8: 3 | AE8: 2 | AF8: 1 | AG8: 0 | AH8: 0 | AI8: 0
A9: 30 | B9: No | C9: Travel_Rarely | D9: 1358 | E9: Research & Development | F9: 24 | G9: 1 | H9: Life Sciences | I9: 1 | J9: 11 | K9: 4 | L9: Male | M9: 67 | N9: 3 | O9: 1 | P9: Laboratory Technician | Q9: 3 | R9: Divorced | S9: 2693 | T9: 13335 | U9: 1 | V9: Y | W9: No | X9: 22 | Y9: 4 | Z9: 2 | AA9: 80 | AB9: 1 | AC9: 1 | AD9: 2 | AE9: 3 | AF9: 1 | AG9: 0 | AH9: 0 | AI9: 0
A10: 38 | B10: No | C10: Travel_Frequently | D10: 216 | E10: Research & Development | F10: 23 | G10: 3 | H10: Life Sciences | I10: 1 | J10: 12 | K10: 4 | L10: Male | M10: 44 | N10: 2 | O10: 3 | P10: Manufacturing Director | Q10: 3 | R10: Single | S10: 9526 | T10: 8787 | U10: 0 | V10: Y | W10: No | X10: 21 | Y10: 4 | Z10: 2 | AA10: 80 | AB10: 0 | AC10: 10 | AD10: 2 | AE10: 3 | AF10: 9 | AG10: 7 | AH10: 1 | AI10: 8
A11: 36 | B11: No | C11: Travel_Rarely | D11: 1299 | E11: Research & Development | F11: 27 | G11: 3 | H11: Medical | I11: 1 | J11: 13 | K11: 3 | L11: Male | M11: 94 | N11: 3 | O11: 2 | P11: Healthcare Representative | Q11: 3 | R11: Married | S11: 5237 | T11: 16577 | U11: 6 | V11: Y | W11: No | X11: 13 | Y11: 3 | Z11: 2 | AA11: 80 | AB11: 2 | AC11: 17 | AD11: 3 | AE11: 2 | AF11: 7 | AG11: 7 | AH11: 7 | AI11: 7
A12: 35 | B12: No | C12: Travel_Rarely | D12: 809 | E12: Research & Development | F12: 16 | G12: 3 | H12: Medical | I12: 1 | J12: 14 | K12: 1 | L12: Male | M12: 84 | N12: 4 | O12: 1 | P12: Laboratory Technician | Q12: 2 | R12: Married | S12: 2426 | T12: 16479 | U12: 0 | V12: Y | W12: No | X12: 13 | Y12: 3 | Z12: 3 | AA12: 80 | AB12: 1 | AC12: 6 | AD12: 5 | AE12: 3 | AF12: 5 | AG12: 4 | AH12: 0 | AI12: 3
A13: 29 | B13: No | C13: Travel_Rarely | D13: 153 | E13: Research & Development | F13: 15 | G13: 2 | H13: Life Sciences | I13: 1 | J13: 15 | K13: 4 | L13: Female | M13: 49 | N13: 2 | O13: 2 | P13: Laboratory Technician | Q13: 3 | R13: Single | S13: 4193 | T13: 12682 | U13: 0 | V13: Y | W13: Yes | X13: 12 | Y13: 3 | Z13: 4 | AA13: 80 | AB13: 0 | AC13: 10 | AD13: 3 | AE13: 3 | AF13: 9 | AG13: 5 | AH13: 0 | AI13: 8
... A1471: 34 | B1471: No | C1471: Travel_Rarely | D1471: 628 | E1471: Research & Development | F1471: 8 | G1471: 3 | H1471: Medical | I1471: 1 | J1471: 2068 | K1471: 2 | L1471: Male | M1471: 82 | N1471: 4 | O1471: 2 | P1471: Laboratory Technician | Q1471: 3 | R1471: Married | S1471: 4404 | T1471: 10228 | U1471: 2 | V1471: Y | W1471: No | X1471: 12 | Y1471: 3 | Z1471: 1 | AA1471: 80 | AB1471: 0 | AC1471: 6 | AD1471: 3 | AE1471: 4 | AF1471: 4 | AG1471: 3 | AH1471: 1 | AI1471: 2

Sheet data_understanding
A1: Metric | B1: Value
A2: No of rows | B2: =COUNTA(raw_data!A1:A1471) -> 1471
A3: No of Columns | B3: =COUNTA(raw_data!A1:AI2) -> 70
A4: No of Employees | B4: =COUNTA(raw_data!J2:J1471) -> 1470
A5: Active Employees | B5: =B4-B9 -> 1233
A6: Attrition Rate | B6: =(B9/B4) -> 0.16122449
A7: No of Departments | B7: =COUNTA(_xlfn.UNIQUE(raw_data!E2:E1471)) -> 3
A8: No of Job roles | B8: =COUNTA(_xlfn.UNIQUE(raw_data!P2:P1471)) -> 9
A9: Attrition Count | B9: =COUNTIF(raw_data!B2:B1471,"Yes") -> 237
A10: Average Salary | B10: =AVERAGE(raw_data!S2:S1471) -> 6502.9313 | C10: Note this is monthly salary's average
A11: Average Age | B11: =AVERAGE(raw_data!A2:A1471) -> 36.92381
A14: Missing values
A15: column | B15: missing values
A16: Age | B16: =COUNTBLANK(raw_data!A2:A1471) -> 0
A17: Attrition | B17: =COUNTBLANK(raw_data!B2:B1471) -> 0
A18: Department | B18: =COUNTBLANK(raw_data!E2:E1471) -> 0
A19: JobRole | B19: =COUNTBLANK(raw_data!P2:P1471) -> 0
A20: MonthlyIncome | B20: =COUNTBLANK(raw_data!S2:S1471) -> 0
A22: Duplicate records
A23: actual emp number | B23: =COUNTA(raw_data!J2:J1471) -> 1470
A24: checking for duplicates | B24: =COUNTA(_xlfn.UNIQUE(raw_data!J2:J1471)) -> 1470
A27: Attrition by
A28: Department | B28: =COUNTIFS(raw_data!B2:B1471,"Yes",raw_data!E2:E1471,"sales") -> 92 | C28: sales
B29: =COUNTIFS(raw_data!B2:B1471,"Yes",raw_data!E2:E1471,"Human Resources") -> 12 | C29: HR
B30: =COUNTIFS(raw_data!B2:B1471,"Yes",raw_data!E2:E1471,"Research & Development") -> 133
A31: Job Role
A32: Age group
A33: Income Group
A34: Overtime | B34: =COUNTIFS(raw_data!B2:B1471,"Yes",raw_data!W2:W1471,"Yes") -> 127

Sheet cleaned_data
A1: Age | B1: Attrition | C1: BusinessTravel | D1: DailyRate | E1: Department | F1: DistanceFromHome | G1: Education | H1: EducationField | I1: EmployeeCount | J1: EmployeeNumber | K1: EnvironmentSatisfaction | L1: Gender | M1: HourlyRate | N1: JobInvolvement | O1: JobLevel | P1: JobRole | Q1: JobSatisfaction | R1: MaritalStatus | S1: MonthlyIncome | T1: MonthlyRate | U1: NumCompaniesWorked | V1: Over18 | W1: OverTime | X1: PercentSalaryHike | Y1: PerformanceRating | Z1: RelationshipSatisfaction | AA1: StandardHours | AB1: StockOptionLevel | AC1: TotalWorkingYears | AD1: TrainingTimesLastYear | AE1: WorkLifeBalance | AF1: YearsAtCompany | AG1: YearsInCurrentRole | AH1: YearsSinceLastPromotion | AI1: YearsWithCurrManager | AJ1: Attrition Flag | AK1: Age Group | AL1: Income Group
A2: 41 | B2: Yes | C2: Travel_Rarely | D2: 1102 | E2: Sales | F2: 1 | G2: 2 | H2: Life Sciences | I2: 1 | J2: 1 | K2: 2 | L2: Female | M2: 94 | N2: 3 | O2: 2 | P2: Sales Executive | Q2: 4 | R2: Single | S2: 5993 | T2: 19479 | U2: 8 | V2: Y | W2: Yes | X2: 11 | Y2: 3 | Z2: 1 | AA2: 80 | AB2: 0 | AC2: 8 | AD2: 0 | AE2: 1 | AF2: 6 | AG2: 4 | AH2: 0 | AI2: 5 | AJ2: =IF(Table1[[#This Row],[Attrition]]="Yes",1,0) -> 1 | AK2: =IF(A2<30,"Young", IF(A2<40,"Mid Career", IF(A2<50,"Experienced","Senior"))) -> Experienced | AL2: =IF(S2<3000,"Low Income",IF(S2<7000,"Medium Income","High Income")) -> Medium Income
A3: 49 | B3: No | C3: Travel_Frequently | D3: 279 | E3: Research & Development | F3: 8 | G3: 1 | H3: Life Sciences | I3: 1 | J3: 2 | K3: 3 | L3: Male | M3: 61 | N3: 2 | O3: 2 | P3: Research Scientist | Q3: 2 | R3: Married | S3: 5130 | T3: 24907 | U3: 1 | V3: Y | W3: No | X3: 23 | Y3: 4 | Z3: 4 | AA3: 80 | AB3: 1 | AC3: 10 | AD3: 3 | AE3: 3 | AF3: 10 | AG3: 7 | AH3: 1 | AI3: 7 | AJ3: =IF(Table1[[#This Row],[Attrition]]="Yes",1,0) -> 0 | AK3: =IF(A3<30,"Young", IF(A3<40,"Mid Career", IF(A3<50,"Experienced","Senior"))) -> Experienced | AL3: =IF(S3<3000,"Low Income",IF(S3<7000,"Medium Income","High Income")) -> Medium Income
A4: 37 | B4: Yes | C4: Travel_Rarely | D4: 1373 | E4: Research & Development | F4: 2 | G4: 2 | H4: Other | I4: 1 | J4: 4 | K4: 4 | L4: Male | M4: 92 | N4: 2 | O4: 1 | P4: Laboratory Technician | Q4: 3 | R4: Single | S4: 2090 | T4: 2396 | U4: 6 | V4: Y | W4: Yes | X4: 15 | Y4: 3 | Z4: 2 | AA4: 80 | AB4: 0 | AC4: 7 | AD4: 3 | AE4: 3 | AF4: 0 | AG4: 0 | AH4: 0 | AI4: 0 | AJ4: =IF(Table1[[#This Row],[Attrition]]="Yes",1,0) -> 1 | AK4: =IF(A4<30,"Young", IF(A4<40,"Mid Career", IF(A4<50,"Experienced","Senior"))) -> Mid Career | AL4: =IF(S4<3000,"Low Income",IF(S4<7000,"Medium Income","High Income")) -> Low Income
A5: 33 | B5: No | C5: Travel_Frequently | D5: 1392 | E5: Research & Development | F5: 3 | G5: 4 | H5: Life Sciences | I5: 1 | J5: 5 | K5: 4 | L5: Female | M5: 56 | N5: 3 | O5: 1 | P5: Research Scientist | Q5: 3 | R5: Married | S5: 2909 | T5: 23159 | U5: 1 | V5: Y | W5: Yes | X5: 11 | Y5: 3 | Z5: 3 | AA5: 80 | AB5: 0 | AC5: 8 | AD5: 3 | AE5: 3 | AF5: 8 | AG5: 7 | AH5: 3 | AI5: 0 | AJ5: =IF(Table1[[#This Row],[Attrition]]="Yes",1,0) -> 0 | AK5: =IF(A5<30,"Young", IF(A5<40,"Mid Career", IF(A5<50,"Experienced","Senior"))) -> Mid Career | AL5: =IF(S5<3000,"Low Income",IF(S5<7000,"Medium Income","High Income")) -> Low Income
A6: 27 | B6: No | C6: Travel_Rarely | D6: 591 | E6: Research & Development | F6: 2 | G6: 1 | H6: Medical | I6: 1 | J6: 7 | K6: 1 | L6: Male | M6: 40 | N6: 3 | O6: 1 | P6: Laboratory Technician | Q6: 2 | R6: Married | S6: 3468 | T6: 16632 | U6: 9 | V6: Y | W6: No | X6: 12 | Y6: 3 | Z6: 4 | AA6: 80 | AB6: 1 | AC6: 6 | AD6: 3 | AE6: 3 | AF6: 2 | AG6: 2 | AH6: 2 | AI6: 2 | AJ6: =IF(Table1[[#This Row],[Attrition]]="Yes",1,0) -> 0 | AK6: =IF(A6<30,"Young", IF(A6<40,"Mid Career", IF(A6<50,"Experienced","Senior"))) -> Young | AL6: =IF(S6<3000,"Low Income",IF(S6<7000,"Medium Income","High Income")) -> Medium Income
A7: 32 | B7: No | C7: Travel_Frequently | D7: 1005 | E7: Research & Development | F7: 2 | G7: 2 | H7: Life Sciences | I7: 1 | J7: 8 | K7: 4 | L7: Male | M7: 79 | N7: 3 | O7: 1 | P7: Laboratory Technician | Q7: 4 | R7: Single | S7: 3068 | T7: 11864 | U7: 0 | V7: Y | W7: No | X7: 13 | Y7: 3 | Z7: 3 | AA7: 80 | AB7: 0 | AC7: 8 | AD7: 2 | AE7: 2 | AF7: 7 | AG7: 7 | AH7: 3 | AI7: 6 | AJ7: =IF(Table1[[#This Row],[Attrition]]="Yes",1,0) -> 0 | AK7: =IF(A7<30,"Young", IF(A7<40,"Mid Career", IF(A7<50,"Experienced","Senior"))) -> Mid Career | AL7: =IF(S7<3000,"Low Income",IF(S7<7000,"Medium Income","High Income")) -> Medium Income
A8: 59 | B8: No | C8: Travel_Rarely | D8: 1324 | E8: Research & Development | F8: 3 | G8: 3 | H8: Medical | I8: 1 | J8: 10 | K8: 3 | L8: Female | M8: 81 | N8: 4 | O8: 1 | P8: Laboratory Technician | Q8: 1 | R8: Married | S8: 2670 | T8: 9964 | U8: 4 | V8: Y | W8: Yes | X8: 20 | Y8: 4 | Z8: 1 | AA8: 80 | AB8: 3 | AC8: 12 | AD8: 3 | AE8: 2 | AF8: 1 | AG8: 0 | AH8: 0 | AI8: 0 | AJ8: =IF(Table1[[#This Row],[Attrition]]="Yes",1,0) -> 0 | AK8: =IF(A8<30,"Young", IF(A8<40,"Mid Career", IF(A8<50,"Experienced","Senior"))) -> Senior | AL8: =IF(S8<3000,"Low Income",IF(S8<7000,"Medium Income","High Income")) -> Low Income
A9: 30 | B9: No | C9: Travel_Rarely | D9: 1358 | E9: Research & Development | F9: 24 | G9: 1 | H9: Life Sciences | I9: 1 | J9: 11 | K9: 4 | L9: Male | M9: 67 | N9: 3 | O9: 1 | P9: Laboratory Technician | Q9: 3 | R9: Divorced | S9: 2693 | T9: 13335 | U9: 1 | V9: Y | W9: No | X9: 22 | Y9: 4 | Z9: 2 | AA9: 80 | AB9: 1 | AC9: 1 | AD9: 2 | AE9: 3 | AF9: 1 | AG9: 0 | AH9: 0 | AI9: 0 | AJ9: =IF(Table1[[#This Row],[Attrition]]="Yes",1,0) -> 0 | AK9: =IF(A9<30,"Young", IF(A9<40,"Mid Career", IF(A9<50,"Experienced","Senior"))) -> Mid Career | AL9: =IF(S9<3000,"Low Income",IF(S9<7000,"Medium Income","High Income")) -> Low Income
A10: 38 | B10: No | C10: Travel_Frequently | D10: 216 | E10: Research & Development | F10: 23 | G10: 3 | H10: Life Sciences | I10: 1 | J10: 12 | K10: 4 | L10: Male | M10: 44 | N10: 2 | O10: 3 | P10: Manufacturing Director | Q10: 3 | R10: Single | S10: 9526 | T10: 8787 | U10: 0 | V10: Y | W10: No | X10: 21 | Y10: 4 | Z10: 2 | AA10: 80 | AB10: 0 | AC10: 10 | AD10: 2 | AE10: 3 | AF10: 9 | AG10: 7 | AH10: 1 | AI10: 8 | AJ10: =IF(Table1[[#This Row],[Attrition]]="Yes",1,0) -> 0 | AK10: =IF(A10<30,"Young", IF(A10<40,"Mid Career", IF(A10<50,"Experienced","Senior"))) -> Mid Career | AL10: =IF(S10<3000,"Low Income",IF(S10<7000,"Medium Income","High Income")) -> High Income
A11: 36 | B11: No | C11: Travel_Rarely | D11: 1299 | E11: Research & Development | F11: 27 | G11: 3 | H11: Medical | I11: 1 | J11: 13 | K11: 3 | L11: Male | M11: 94 | N11: 3 | O11: 2 | P11: Healthcare Representative | Q11: 3 | R11: Married | S11: 5237 | T11: 16577 | U11: 6 | V11: Y | W11: No | X11: 13 | Y11: 3 | Z11: 2 | AA11: 80 | AB11: 2 | AC11: 17 | AD11: 3 | AE11: 2 | AF11: 7 | AG11: 7 | AH11: 7 | AI11: 7 | AJ11: =IF(Table1[[#This Row],[Attrition]]="Yes",1,0) -> 0 | AK11: =IF(A11<30,"Young", IF(A11<40,"Mid Career", IF(A11<50,"Experienced","Senior"))) -> Mid Career | AL11: =IF(S11<3000,"Low Income",IF(S11<7000,"Medium Income","High Income")) -> Medium Income
A12: 35 | B12: No | C12: Travel_Rarely | D12: 809 | E12: Research & Development | F12: 16 | G12: 3 | H12: Medical | I12: 1 | J12: 14 | K12: 1 | L12: Male | M12: 84 | N12: 4 | O12: 1 | P12: Laboratory Technician | Q12: 2 | R12: Married | S12: 2426 | T12: 16479 | U12: 0 | V12: Y | W12: No | X12: 13 | Y12: 3 | Z12: 3 | AA12: 80 | AB12: 1 | AC12: 6 | AD12: 5 | AE12: 3 | AF12: 5 | AG12: 4 | AH12: 0 | AI12: 3 | AJ12: =IF(Table1[[#This Row],[Attrition]]="Yes",1,0) -> 0 | AK12: =IF(A12<30,"Young", IF(A12<40,"Mid Career", IF(A12<50,"Experienced","Senior"))) -> Mid Career | AL12: =IF(S12<3000,"Low Income",IF(S12<7000,"Medium Income","High Income")) -> Low Income
A13: 29 | B13: No | C13: Travel_Rarely | D13: 153 | E13: Research & Development | F13: 15 | G13: 2 | H13: Life Sciences | I13: 1 | J13: 15 | K13: 4 | L13: Female | M13: 49 | N13: 2 | O13: 2 | P13: Laboratory Technician | Q13: 3 | R13: Single | S13: 4193 | T13: 12682 | U13: 0 | V13: Y | W13: Yes | X13: 12 | Y13: 3 | Z13: 4 | AA13: 80 | AB13: 0 | AC13: 10 | AD13: 3 | AE13: 3 | AF13: 9 | AG13: 5 | AH13: 0 | AI13: 8 | AJ13: =IF(Table1[[#This Row],[Attrition]]="Yes",1,0) -> 0 | AK13: =IF(A13<30,"Young", IF(A13<40,"Mid Career", IF(A13<50,"Experienced","Senior"))) -> Young | AL13: =IF(S13<3000,"Low Income",IF(S13<7000,"Medium Income","High Income")) -> Medium Income
... A1471: 34 | B1471: No | C1471: Travel_Rarely | D1471: 628 | E1471: Research & Development | F1471: 8 | G1471: 3 | H1471: Medical | I1471: 1 | J1471: 2068 | K1471: 2 | L1471: Male | M1471: 82 | N1471: 4 | O1471: 2 | P1471: Laboratory Technician | Q1471: 3 | R1471: Married | S1471: 4404 | T1471: 10228 | U1471: 2 | V1471: Y | W1471: No | X1471: 12 | Y1471: 3 | Z1471: 1 | AA1471: 80 | AB1471: 0 | AC1471: 6 | AD1471: 3 | AE1471: 4 | AF1471: 4 | AG1471: 3 | AH1471: 1 | AI1471: 2 | AJ1471: =IF(Table1[[#This Row],[Attrition]]="Yes",1,0) -> 0 | AK1471: =IF(A1471<30,"Young", IF(A1471<40,"Mid Career", IF(A1471<50,"Experienced","Senior"))) -> Mid Career | AL1471: =IF(S1471<3000,"Low Income",IF(S1471<7000,"Medium Income","High Income")) -> Medium Income

Sheet analysis
B3: Row Labels | C3: Sum of Attrition Flag | E3: Row Labels | F3: Sum of Attrition Flag
B4: Research & Development | C4: 133 | E4: Young | F4: 91
B5: Sales | C5: 92 | E5: Mid Career | F5: 89
B6: Human Resources | C6: 12 | E6: Experienced | F6: 34
B7: Grand Total | C7: 237 | E7: Senior | F7: 23
E8: Grand Total | F8: 237
B12: Row Labels | C12: Sum of Attrition Flag | E12: Row Labels | F12: Sum of Attrition Flag
B13: Laboratory Technician | C13: 62 | E13: Low Income | F13: 113
B14: Sales Executive | C14: 57 | E14: Medium Income | F14: 77
B15: Research Scientist | C15: 47 | E15: High Income | F15: 47
B16: Sales Representative | C16: 33 | E16: Grand Total | F16: 237
B17: Human Resources | C17: 12
B18: Manufacturing Director | C18: 10
B19: Healthcare Representative | C19: 9
B20: Manager | C20: 5 | E20: Row Labels | F20: Sum of Attrition Flag
B21: Research Director | C21: 2 | E21: No | F21: 110
B22: Grand Total | C22: 237 | E22: Yes | F22: 127
E23: Grand Total | F23: 237

Sheet dashboard
A1: HR ANALYTICS DASHBOARD
A4: Employee Attrition Analysis
A94: Data Source: IBM HR Analytics Dataset Built using Microsoft Excel (Pivot Tables, Pivot Charts & Slicers)
